,0,1,2
0,bajaj auto,bajaj auto,True
1,royal enfield unit of eicher,royal enfield unit of eicher,True
2,hero motocorp,hero motocorp,True
3,maruti suzuki india,maruti suzuki india,True
4,ampere vehicles,ampere vehicles,True
5,revolt intellicorp,revolt intellicorp,True
6,mercedes benz,mercedes benz,True
7,mahindra & mahindra,mahindra & mahindra,True
8,action construction equipment,action construction equipment,True
9,tvs motor,tvs motor,True
10,force motors,force motors,True
11,honda motorcycle & scooter,honda motorcycle & scooter,True
12,hdfc life,hdfc life,True
13,icici prudential life,icici prudential life,True
14,max life,max life,True
15,sbi life,sbi life,True
16,lic,lic,True
17,aditya birla sun life,aditya birla sun life,True
18,aegon life,aegon life,True
19,ageas federal life,ageas federal life,True
20,aviva life,aviva life,True
21,bajaj allianz life,bajaj allianz life,True
22,bharti axa life,bharti axa life,True
23,canara hsbc life,canara hsbc life,True
24,edelweiss tokio,edelweiss tokio,True
25,exide life,exide life,True
26,future generali india,future generali india,True
27,indiafirst life,indiafirst life,True
28,kotak mahindra life,kotak mahindra life,True
29,pnb metlife,pnb metlife,True
30,reliance nippon,reliance nippon,True
31,shriram life,shriram life,True
32,star union dai-ichi,star union dai-ichi,True
33,tata aia life,tata aia life,True
34,dhfl pramerica life,dhfl pramerica life,True
35,pramerica life,pramerica life,True
36,go digit life,go digit life,True
37,sahara india,sahara india,True
38,acko life,acko life,True
39,creditaccess life,creditaccess life,True
